<?xml version="1.0" encoding="utf-8"?>
<!DOCTYPE hibernate-mapping PUBLIC "-//Hibernate/Hibernate Mapping DTD 3.0//EN"
"http://hibernate.sourceforge.net/hibernate-mapping-3.0.dtd">
<hibernate-mapping>
	<class name="com.freewebsys.blog.pojo.UserInfo" table="userInfo">
		<id name="id">
			<column name="id" />
			<generator class="native" />
		</id>
		
		<property name="loginName" column="login_name" length="300"/>
		
		<property name="passwd" column="passwd" length="300"/>
		
		<property name="displayName" column="display_name" length="300"/>
		
		<property name="email" column="email" length="300"/>
		
		<property name="url" column="url" length="300"/>
		
		<property name="regTime" column="reg_time" length="300"/>
		
		<property name="status" column="status" length="300"/>
		
	</class>
</hibernate-mapping>
